{
  "model": "random_forest_mateo_2",
  "hyperparameters": {},
  "performance": {
    "accuracy": 0.8575361298713715,
    "report": {
      "0": {
        "precision": 0.9704372485064505,
        "recall": 0.8803575816633479,
        "f1-score": 0.9232052903160451,
        "support": 590075.0
      },
      "1": {
        "precision": 0.010248286110838509,
        "recall": 0.04415317709591689,
        "f1-score": 0.01663537577516072,
        "support": 16556.0
      },
      "accuracy": 0.8575361298713715,
      "macro avg": {
        "precision": 0.4903427673086445,
        "recall": 0.4622553793796324,
        "f1-score": 0.46992033304560293,
        "support": 606631.0
      },
      "weighted avg": {
        "precision": 0.9442320455718466,
        "recall": 0.8575361298713715,
        "f1-score": 0.8984634431220528,
        "support": 606631.0
      }
    },
    "confusion_matrix": [
      [
        519477,
        70598
      ],
      [
        15825,
        731
      ]
    ]
  }
}