{
  "model": "random_forest_mateo",
  "hyperparameters": {
    "n_estimators": 30,
    "bootstrap": true,
    "ccp_alpha": 0.0,
    "class_weight": "balanced",
    "criterion": "gini",
    "max_depth": 5,
    "max_features": "sqrt",
    "min_impurity_decrease": 0.0,
    "min_samples_leaf": 1,
    "min_samples_split": 2,
    "min_weight_fraction_leaf": 0.0,
    "n_jobs": -1,
    "oob_score": false,
    "random_state": 42,
    "verbose": 0,
    "warm_start": false,
    "feature_columns": [
      "slope-bid-5-levels",
      "slope-ask-5-levels",
      "avg-250ms-of-slope-ask-5-levels",
      "avg-250ms-of-slope-bid-5-levels",
      "avg-250ms-of-V-bid-5-levels",
      "avg-250ms-of-V-ask-5-levels",
      "avg-250ms-of-liquidity-ratio-5-levels"
    ],
    "target_column": "avg-10ms-of-mid-price-itincreases-after-200ms-with-threshold-5"
  },
  "performance": {
    "accuracy": 0.8875382698322316,
    "report": {
      "0": {
        "precision": 0.9809127782132997,
        "recall": 0.9011537377630638,
        "f1-score": 0.9393432261854955,
        "support": 351293.0
      },
      "1": {
        "precision": 0.14908841403646345,
        "recall": 0.4968964390721986,
        "f1-score": 0.2293598733318254,
        "support": 12244.0
      },
      "accuracy": 0.8875382698322316,
      "macro avg": {
        "precision": 0.5650005961248816,
        "recall": 0.6990250884176312,
        "f1-score": 0.5843515497586604,
        "support": 363537.0
      },
      "weighted avg": {
        "precision": 0.9528967646714012,
        "recall": 0.8875382698322316,
        "f1-score": 0.9154308426527592,
        "support": 363537.0
      }
    },
    "confusion_matrix": [
      [
        316569,
        34724
      ],
      [
        6160,
        6084
      ]
    ]
  }
}