{
<<<<<<< HEAD
  "model": "xgboost",
  "hyperparameters": {
    "objective": "multi:softprob",
    "colsample_bytree": 0.8,
    "enable_categorical": false,
    "eval_metric": "logloss",
    "learning_rate": 0.15,
    "max_depth": 5,
    "n_estimators": 150,
    "n_jobs": -1,
    "random_state": 42,
    "subsample": 0.8,
    "use_label_encoder": false,
    "feature_columns": [
=======
  "model": "random_forest_mateo",
  "hyperparameters": {
    "n_estimators": 5,
    "max_depth": 3,
    "learning_rate": 0.1,
    "bootstrap": true,
    "ccp_alpha": 0.0,
    "class_weight": "balanced",
    "criterion": "gini",
    "max_features": "sqrt",
    "min_impurity_decrease": 0.0,
    "min_samples_leaf": 1,
    "min_samples_split": 2,
    "min_weight_fraction_leaf": 0.0,
    "n_jobs": -1,
    "oob_score": false,
    "random_state": 42,
    "verbose": 0,
    "warm_start": false,
    "feature_columns": [
      "bid-ask-imbalance-5-levels",
      "spread",
      "inst-return",
>>>>>>> bae3f6d02a56a6db29b5e3243fa776fa2fe204ca
      "V-bid-5-levels",
      "V-ask-5-levels",
      "slope-bid-5-levels",
      "slope-ask-5-levels"
    ],
<<<<<<< HEAD
    "target_column": "return-vs-volatility-5-ms"
  },
  "performance": {
    "accuracy": 0.5134635539161075,
    "report": {
      "0": {
        "precision": 0.06355997533148319,
        "recall": 0.2449737545805685,
        "f1-score": 0.10093240568828678,
        "support": 20194.0
      },
      "1": {
        "precision": 0.888126172655194,
        "recall": 0.5467742286063836,
        "f1-score": 0.6768476788099517,
        "support": 322047.0
      },
      "2": {
        "precision": 0.06437778057344144,
        "recall": 0.2643219383921863,
        "f1-score": 0.10353802433483855,
        "support": 21296.0
      },
      "accuracy": 0.5134635539161075,
      "macro avg": {
        "precision": 0.33868797618670615,
        "recall": 0.3520233071930461,
        "f1-score": 0.29377270294435903,
        "support": 363537.0
      },
      "weighted avg": {
        "precision": 0.7940674233489939,
        "recall": 0.5134635539161075,
        "f1-score": 0.6112718627936427,
=======
    "target_column": "return-all-signed-for-5-ms"
  },
  "performance": {
    "accuracy": 0.2017511284958615,
    "report": {
      "0": {
        "precision": 0.09619409964562245,
        "recall": 0.8326403612633202,
        "f1-score": 0.1724636482629017,
        "support": 36317.0
      },
      "1": {
        "precision": 0.8764207144745135,
        "recall": 0.13173175069831122,
        "f1-score": 0.2290376486778728,
        "support": 327218.0
      },
      "2": {
        "precision": 0.0,
        "recall": 0.0,
        "f1-score": 0.0,
        "support": 2.0
      },
      "accuracy": 0.2017511284958615,
      "macro avg": {
        "precision": 0.3242049380400453,
        "recall": 0.32145737065387714,
        "f1-score": 0.13383376564692484,
        "support": 363537.0
      },
      "weighted avg": {
        "precision": 0.7984719972540661,
        "recall": 0.2017511284958615,
        "f1-score": 0.22338469987660123,
>>>>>>> bae3f6d02a56a6db29b5e3243fa776fa2fe204ca
        "support": 363537.0
      }
    },
    "confusion_matrix": [
      [
<<<<<<< HEAD
        4947,
        11090,
        4157
      ],
      [
        68309,
        176087,
        77651
      ],
      [
        4576,
        11091,
        5629
=======
        30239,
        6078,
        0
      ],
      [
        284113,
        43105,
        0
      ],
      [
        2,
        0,
        0
>>>>>>> bae3f6d02a56a6db29b5e3243fa776fa2fe204ca
      ]
    ]
  }
}