{
  "model": "random_forest_mateo_2",
  "hyperparameters": {
    "n_estimators": 10,
    "max_depth": 3,
    "bootstrap": true,
    "ccp_alpha": 0.0,
    "class_weight": "balanced",
    "criterion": "gini",
    "max_features": "sqrt",
    "min_impurity_decrease": 0.0,
    "min_samples_leaf": 1,
    "min_samples_split": 2,
    "min_weight_fraction_leaf": 0.0,
    "n_jobs": -1,
    "oob_score": false,
    "random_state": 42,
    "verbose": 0,
    "warm_start": false,
    "feature_columns": [
      "slope-bid-5-levels",
      "slope-ask-5-levels",
      "avg-250ms-of-slope-ask-5-levels",
      "avg-250ms-of-slope-bid-5-levels",
      "avg-250ms-of-V-bid-5-levels",
      "avg-250ms-of-V-ask-5-levels",
      "avg-250ms-of-liquidity-ratio-5-levels"
    ],
    "target_column": "avg-10ms-of-mid-price-itincreases-after-200ms-with-threshold-5"
  },
  "performance": {
    "accuracy": 0.8701562702008324,
    "report": {
      "0": {
        "precision": 0.983615995317947,
        "recall": 0.8802936580005865,
        "f1-score": 0.9290910866250554,
        "support": 351293.0
      },
      "1": {
        "precision": 0.14432800895309797,
        "recall": 0.5793041489709245,
        "f1-score": 0.23108374464480608,
        "support": 12244.0
      },
      "accuracy": 0.8701562702008324,
      "macro avg": {
        "precision": 0.5639720021355225,
        "recall": 0.7297989034857555,
        "f1-score": 0.5800874156349307,
        "support": 363537.0
      },
      "weighted avg": {
        "precision": 0.9553486054647788,
        "recall": 0.8701562702008324,
        "f1-score": 0.9055820575710494,
        "support": 363537.0
      }
    },
    "confusion_matrix": [
      [
        309241,
        42052
      ],
      [
        5151,
        7093
      ]
    ]
  }
}