{
  "model": "xgboost",
  "hyperparameters": {
    "objective": "multi:softprob",
    "colsample_bytree": 0.8,
    "enable_categorical": false,
    "eval_metric": "logloss",
    "learning_rate": 0.15,
    "max_depth": 5,
    "n_estimators": 150,
    "n_jobs": -1,
    "random_state": 42,
    "subsample": 0.8,
    "use_label_encoder": false,
    "feature_columns": [
      "V-bid-5-levels",
      "V-ask-5-levels",
      "slope-bid-5-levels",
      "slope-ask-5-levels"
    ],
    "target_column": "return-vs-volatility-5-ms"
  },
  "performance": {
    "accuracy": 0.5134635539161075,
    "report": {
      "0": {
        "precision": 0.06355997533148319,
        "recall": 0.2449737545805685,
        "f1-score": 0.10093240568828678,
        "support": 20194.0
      },
      "1": {
        "precision": 0.888126172655194,
        "recall": 0.5467742286063836,
        "f1-score": 0.6768476788099517,
        "support": 322047.0
      },
      "2": {
        "precision": 0.06437778057344144,
        "recall": 0.2643219383921863,
        "f1-score": 0.10353802433483855,
        "support": 21296.0
      },
      "accuracy": 0.5134635539161075,
      "macro avg": {
        "precision": 0.33868797618670615,
        "recall": 0.3520233071930461,
        "f1-score": 0.29377270294435903,
        "support": 363537.0
      },
      "weighted avg": {
        "precision": 0.7940674233489939,
        "recall": 0.5134635539161075,
        "f1-score": 0.6112718627936427,
        "support": 363537.0
      }
    },
    "confusion_matrix": [
      [
        4947,
        11090,
        4157
      ],
      [
        68309,
        176087,
        77651
      ],
      [
        4576,
        11091,
        5629
      ]
    ]
  }
}