{
  "model": "random_forest_mateo_2",
  "hyperparameters": {},
  "performance": {
    "accuracy": 0.8489540267628832,
    "report": {
      "0": {
        "precision": 0.9612002460859668,
        "recall": 0.8785659002335601,
        "f1-score": 0.9180272842791724,
        "support": 1460010.0
      },
      "1": {
        "precision": 0.026306395364802154,
        "recall": 0.08467684910196578,
        "f1-score": 0.040141963436453765,
        "support": 56568.0
      },
      "accuracy": 0.8489540267628832,
      "macro avg": {
        "precision": 0.49375332072538447,
        "recall": 0.48162137466776295,
        "f1-score": 0.47908462385781303,
        "support": 1516578.0
      },
      "weighted avg": {
        "precision": 0.9263289270060414,
        "recall": 0.8489540267628832,
        "f1-score": 0.8852823698537813,
        "support": 1516578.0
      }
    },
    "confusion_matrix": [
      [
        1282715,
        177295
      ],
      [
        51778,
        4790
      ]
    ]
  }
}