{
  "model": "random_forest_mateo_2",
  "hyperparameters": {},
  "performance": {
    "accuracy": 0.8699654320336415,
    "report": {
      "0": {
        "precision": 0.9704873191006851,
        "recall": 0.8934881159174681,
        "f1-score": 0.9303973324698037,
        "support": 590075.0
      },
      "1": {
        "precision": 0.008252725924289524,
        "recall": 0.031589755979705245,
        "f1-score": 0.0130866143702536,
        "support": 16556.0
      },
      "accuracy": 0.8699654320336415,
      "macro avg": {
        "precision": 0.4893700225124873,
        "recall": 0.4625389359485867,
        "f1-score": 0.47174197342002866,
        "support": 606631.0
      },
      "weighted avg": {
        "precision": 0.9442262873950379,
        "recall": 0.8699654320336415,
        "f1-score": 0.9053623503326295,
        "support": 606631.0
      }
    },
    "confusion_matrix": [
      [
        527225,
        62850
      ],
      [
        16033,
        523
      ]
    ]
  }
}