{
  "model": "random_forest_mateo",
  "hyperparameters": {
    "bootstrap": true,
    "ccp_alpha": 0.0,
    "class_weight": "balanced",
    "criterion": "gini",
    "max_depth": 5,
    "max_features": "sqrt",
    "min_impurity_decrease": 0.0,
    "min_samples_leaf": 1,
    "min_samples_split": 2,
    "min_weight_fraction_leaf": 0.0,
    "n_estimators": 100,
    "n_jobs": -1,
    "oob_score": false,
    "random_state": 42,
    "verbose": 0,
    "warm_start": false,
    "feature_columns": [
      "slope-bid-5-levels",
      "slope-ask-5-levels",
      "avg-250ms-of-slope-ask-5-levels",
      "avg-250ms-of-slope-bid-5-levels",
      "avg-250ms-of-V-bid-5-levels",
      "avg-250ms-of-V-ask-5-levels",
      "avg-250ms-of-liquidity-ratio-5-levels"
    ],
    "target_column": "avg-10ms-of-mid-price-itincreases-after-200ms-with-threshold-5"
  },
  "performance": {
    "accuracy": 0.8873237731929497,
    "report": {
      "0": {
        "precision": 0.9743137566849828,
        "recall": 0.9072242600765534,
        "f1-score": 0.9395729122840973,
        "support": 877557.0
      },
      "1": {
        "precision": 0.11227415960659885,
        "recall": 0.3291248481749025,
        "f1-score": 0.16743225554679306,
        "support": 31286.0
      },
      "accuracy": 0.8873237731929497,
      "macro avg": {
        "precision": 0.5432939581457908,
        "recall": 0.618174554125728,
        "f1-score": 0.5535025839154452,
        "support": 908843.0
      },
      "weighted avg": {
        "precision": 0.9446389164384337,
        "recall": 0.8873237731929497,
        "f1-score": 0.9129927520290441,
        "support": 908843.0
      }
    },
    "confusion_matrix": [
      [
        796141,
        81416
      ],
      [
        20989,
        10297
      ]
    ]
  }
}