{
  "model": "random_forest_mateo_2",
  "hyperparameters": {},
  "performance": {
    "accuracy": 0.8258925112630248,
    "report": {
      "0": {
        "precision": 0.9712386970258198,
        "recall": 0.846061941278651,
        "f1-score": 0.9043391942208081,
        "support": 590075.0
      },
      "1": {
        "precision": 0.019134622652715236,
        "recall": 0.10703068374003383,
        "f1-score": 0.03246521257202532,
        "support": 16556.0
      },
      "accuracy": 0.8258925112630248,
      "macro avg": {
        "precision": 0.4951866598392675,
        "recall": 0.47654631250934243,
        "f1-score": 0.4684022033964167,
        "support": 606631.0
      },
      "weighted avg": {
        "precision": 0.9452541445461061,
        "recall": 0.8258925112630248,
        "f1-score": 0.8805442585182521,
        "support": 606631.0
      }
    },
    "confusion_matrix": [
      [
        499240,
        90835
      ],
      [
        14784,
        1772
      ]
    ]
  }
}