{
  "model": "xgboost",
  "hyperparameters": {},
  "performance": {
    "accuracy": 0.8206883591507852,
    "report": {
      "0": {
        "precision": 0.968808990865365,
        "recall": 0.842791170613905,
        "f1-score": 0.9014170796341476,
        "support": 590075.0
      },
      "1": {
        "precision": 0.005840745900760905,
        "recall": 0.03291857936699686,
        "f1-score": 0.009921176706169333,
        "support": 16556.0
      },
      "accuracy": 0.8206883591507852,
      "macro avg": {
        "precision": 0.48732486838306294,
        "recall": 0.4378548749904509,
        "f1-score": 0.4556691281701585,
        "support": 606631.0
      },
      "weighted avg": {
        "precision": 0.942527936544643,
        "recall": 0.8206883591507852,
        "f1-score": 0.877086628060002,
        "support": 606631.0
      }
    },
    "confusion_matrix": [
      [
        497310,
        92765
      ],
      [
        16011,
        545
      ]
    ]
  }
}