{
  "model": "adaboost",
  "hyperparameters": {},
  "performance": {
    "accuracy": 0.8305872927694101,
    "report": {
      "0": {
        "precision": 0.9691841096840038,
        "recall": 0.8529542854721858,
        "f1-score": 0.9073621871577495,
        "support": 590075.0
      },
      "1": {
        "precision": 0.006332955417368101,
        "recall": 0.03340178787146654,
        "f1-score": 0.01064720775532601,
        "support": 16556.0
      },
      "accuracy": 0.8305872927694101,
      "macro avg": {
        "precision": 0.48775853255068596,
        "recall": 0.44317803667182615,
        "f1-score": 0.45900469745653777,
        "support": 606631.0
      },
      "weighted avg": {
        "precision": 0.9429062509691699,
        "recall": 0.8305872927694101,
        "f1-score": 0.8828892980390158,
        "support": 606631.0
      }
    },
    "confusion_matrix": [
      [
        503307,
        86768
      ],
      [
        16003,
        553
      ]
    ]
  }
}