{
  "model": "random_forest_mateo_2",
  "hyperparameters": {},
  "performance": {
    "accuracy": 0.8552217080894317,
    "report": {
      "0": {
        "precision": 0.9699510818508801,
        "recall": 0.8783713934669322,
        "f1-score": 0.9218924670746338,
        "support": 590075.0
      },
      "1": {
        "precision": 0.006904758610192475,
        "recall": 0.030140130466296208,
        "f1-score": 0.011235575569940894,
        "support": 16556.0
      },
      "accuracy": 0.8552217080894317,
      "macro avg": {
        "precision": 0.48842792023053627,
        "recall": 0.45425576196661416,
        "f1-score": 0.46656402132228736,
        "support": 606631.0
      },
      "weighted avg": {
        "precision": 0.9436678966401459,
        "recall": 0.8552217080894317,
        "f1-score": 0.8970390792725735,
        "support": 606631.0
      }
    },
    "confusion_matrix": [
      [
        518305,
        71770
      ],
      [
        16057,
        499
      ]
    ]
  }
}