{
  "model": "random_forest_mateo",
  "hyperparameters": {
    "n_estimators": 10,
    "bootstrap": true,
    "ccp_alpha": 0.0,
    "class_weight": "balanced",
    "criterion": "gini",
    "max_depth": 5,
    "max_features": "sqrt",
    "min_impurity_decrease": 0.0,
    "min_samples_leaf": 1,
    "min_samples_split": 2,
    "min_weight_fraction_leaf": 0.0,
    "n_jobs": -1,
    "oob_score": false,
    "random_state": 42,
    "verbose": 0,
    "warm_start": false,
    "feature_columns": [
      "slope-bid-5-levels",
      "slope-ask-5-levels",
      "avg-250ms-of-slope-ask-5-levels",
      "avg-250ms-of-slope-bid-5-levels",
      "avg-250ms-of-V-bid-5-levels",
      "avg-250ms-of-V-ask-5-levels",
      "avg-250ms-of-liquidity-ratio-5-levels"
    ],
    "target_column": "avg-10ms-of-mid-price-itincreases-after-200ms-with-threshold-5"
  },
  "performance": {
    "accuracy": 0.8896343425841111,
    "report": {
      "0": {
        "precision": 0.98514192347389,
        "recall": 0.8993518231220092,
        "f1-score": 0.9402941097688372,
        "support": 351293.0
      },
      "1": {
        "precision": 0.17459613409281913,
        "recall": 0.6108297941849069,
        "f1-score": 0.27156862745098037,
        "support": 12244.0
      },
      "accuracy": 0.8896343425841111,
      "macro avg": {
        "precision": 0.5798690287833546,
        "recall": 0.755090808653458,
        "f1-score": 0.6059313686099088,
        "support": 363537.0
      },
      "weighted avg": {
        "precision": 0.957842576653121,
        "recall": 0.8896343425841111,
        "f1-score": 0.9177712996958601,
        "support": 363537.0
      }
    },
    "confusion_matrix": [
      [
        315936,
        35357
      ],
      [
        4765,
        7479
      ]
    ]
  }
}