{
  "model": "xgboost",
  "hyperparameters": {},
  "performance": {
    "accuracy": 0.9204129033959689,
    "report": {
      "0": {
        "precision": 0.9719279541063686,
        "recall": 0.9454882853874508,
        "f1-score": 0.9585258285814424,
        "support": 590075.0
      },
      "1": {
        "precision": 0.0135549558390579,
        "recall": 0.026697269871949748,
        "f1-score": 0.017980636237897647,
        "support": 16556.0
      },
      "accuracy": 0.9204129033959689,
      "macro avg": {
        "precision": 0.4927414549727132,
        "recall": 0.48609277762970027,
        "f1-score": 0.48825323240967006,
        "support": 606631.0
      },
      "weighted avg": {
        "precision": 0.9457723119461203,
        "recall": 0.9204129033959689,
        "f1-score": 0.9328567378088974,
        "support": 606631.0
      }
    },
    "confusion_matrix": [
      [
        557909,
        32166
      ],
      [
        16114,
        442
      ]
    ]
  }
}